output_id,zip,city,latitude,longitude,category,pop_score,pred_star,checkin_rank,pos_rev,neg_rev
201,85006,Phoenix,33.465234,-112.048771,Breakfast,8.88566725060982,4.33746506196991,4.54820218863992,"{""tacos"": 0.364, ""delicious"": 0.267, ""try"": 0.234, ""amazing"": 0.23, ""service"": 0.23, ""little"": 0.22, ""salsa"": 0.187, ""restaurant"": 0.177, ""cheese"": 0.146, ""mexican"": 0.131}","{""service"": 0.382, ""tacos"": 0.295, ""restaurant"": 0.22, ""table"": 0.219, ""don"": 0.196, ""try"": 0.178, ""chips"": 0.177, ""food"": 0.173, ""guacamole"": 0.144, ""going"": 0.141}"
202,85006,Phoenix,33.465234,-112.048771,Nightlife,8.19378364151878,4.2430280396428,3.95075560187598,"{""tacos"": 0.396, ""delicious"": 0.29, ""amazing"": 0.243, ""service"": 0.22, ""cheese"": 0.198, ""salsa"": 0.19, ""friendly"": 0.15, ""fried"": 0.143, ""restaurant"": 0.134, ""food"": 0.133}","{""service"": 0.455, ""tacos"": 0.27, ""table"": 0.23, ""restaurant"": 0.204, ""don"": 0.186, ""food"": 0.165, ""cheese"": 0.16, ""experience"": 0.143, ""people"": 0.131, ""just"": 0.124}"
203,85006,Phoenix,33.465234,-112.048771,American,8.6831744356986,4.28322654617281,4.39994788952579,"{""delicious"": 0.292, ""service"": 0.255, ""try"": 0.247, ""cheese"": 0.242, ""amazing"": 0.218, ""friendly"": 0.209, ""tacos"": 0.179, ""restaurant"": 0.146, ""great"": 0.139, ""atmosphere"": 0.135}","{""service"": 0.375, ""didn"": 0.29, ""table"": 0.221, ""don"": 0.216, ""cheese"": 0.205, ""restaurant"": 0.162, ""try"": 0.158, ""food"": 0.158, ""experience"": 0.151, ""people"": 0.137}"
204,85006,Phoenix,33.465234,-112.048771,Mexican,6.07605005416678,3.39652947052947,2.67952058363731,"{""tacos"": 0.409, ""delicious"": 0.258, ""try"": 0.222, ""service"": 0.21, ""amazing"": 0.198, ""little"": 0.192, ""ordered"": 0.169, ""restaurant"": 0.156, ""carne"": 0.133, ""beans"": 0.131}","{""service"": 0.346, ""ordered"": 0.325, ""tacos"": 0.309, ""don"": 0.191, ""restaurant"": 0.185, ""try"": 0.169, ""food"": 0.157, ""table"": 0.15, ""carne"": 0.148, ""chips"": 0.144}"
205,85006,Phoenix,33.465234,-112.048771,Chinese,5.42485493363578,3.05044117647059,2.37441375716519,"{""chinese"": 0.297, ""dishes"": 0.271, ""really"": 0.229, ""try"": 0.217, ""service"": 0.21, ""years"": 0.208, ""don"": 0.197, ""house"": 0.182, ""sauce"": 0.167, ""restaurant"": 0.162}","{""sauce"": 0.453, ""chinese"": 0.345, ""noodles"": 0.216, ""fried"": 0.216, ""really"": 0.214, ""taste"": 0.154, ""tasted"": 0.152, ""soup"": 0.138, ""house"": 0.135, ""restaurant"": 0.119}"
206,85006,Phoenix,33.465234,-112.048771,Italian,6.71513025152942,3.60569825569826,3.10943199583116,"{""service"": 0.317, ""delicious"": 0.238, ""friendly"": 0.235, ""pizza"": 0.194, ""try"": 0.184, ""tasty"": 0.182, ""happy"": 0.182, ""great"": 0.156, ""restaurant"": 0.152, ""amazing"": 0.15}","{""service"": 0.299, ""restaurant"": 0.266, ""don"": 0.193, ""table"": 0.18, ""experience"": 0.178, ""pizza"": 0.172, ""people"": 0.164, ""try"": 0.15, ""food"": 0.14, ""like"": 0.138}"
207,85013,Phoenix,33.511087,-112.084749,Breakfast,8.67869469015195,3.91241016696279,4.76628452318916,"{""coffee"": 0.356, ""service"": 0.337, ""delicious"": 0.288, ""friendly"": 0.25, ""try"": 0.205, ""amazing"": 0.192, ""little"": 0.18, ""restaurant"": 0.153, ""great"": 0.136, ""fried"": 0.126}","{""service"": 0.339, ""restaurant"": 0.235, ""don"": 0.206, ""eggs"": 0.184, ""try"": 0.176, ""table"": 0.162, ""going"": 0.161, ""food"": 0.157, ""people"": 0.156, ""coffee"": 0.152}"
208,85013,Phoenix,33.511087,-112.084749,Nightlife,7.4473739505688,4.09588880205394,3.35148514851485,"{""tacos"": 0.358, ""delicious"": 0.304, ""service"": 0.268, ""amazing"": 0.216, ""restaurant"": 0.174, ""friendly"": 0.169, ""guacamole"": 0.157, ""cheese"": 0.148, ""happy"": 0.146, ""awesome"": 0.128}","{""service"": 0.381, ""don"": 0.231, ""restaurant"": 0.231, ""tacos"": 0.228, ""table"": 0.217, ""people"": 0.178, ""experience"": 0.152, ""food"": 0.15, ""just"": 0.131, ""cheese"": 0.116}"
209,85013,Phoenix,33.511087,-112.084749,American,5.21507521278444,3.55066666666667,1.66440854611777,"{""fry"": 0.354, ""service"": 0.306, ""delicious"": 0.247, ""try"": 0.205, ""friendly"": 0.191, ""restaurant"": 0.184, ""amazing"": 0.183, ""fried"": 0.18, ""bread"": 0.156, ""cheese"": 0.148}","{""service"": 0.355, ""didn"": 0.284, ""restaurant"": 0.233, ""don"": 0.208, ""cheese"": 0.178, ""fried"": 0.164, ""food"": 0.159, ""try"": 0.158, ""table"": 0.157, ""fry"": 0.137}"
210,85013,Phoenix,33.511087,-112.084749,Mexican,5.98114527242198,4.33836257309942,1.64278269932256,"{""tacos"": 0.356, ""service"": 0.269, ""delicious"": 0.253, ""amazing"": 0.19, ""carne"": 0.185, ""try"": 0.177, ""friendly"": 0.173, ""little"": 0.171, ""ordered"": 0.164, ""fry"": 0.16}","{""service"": 0.367, ""ordered"": 0.33, ""tacos"": 0.257, ""restaurant"": 0.216, ""don"": 0.209, ""people"": 0.172, ""chips"": 0.154, ""food"": 0.152, ""try"": 0.139, ""carne"": 0.131}"
211,85013,Phoenix,33.511087,-112.084749,Chinese,5.36954727403634,3.32733778993003,2.04220948410631,"{""chinese"": 0.436, ""service"": 0.274, ""restaurant"": 0.252, ""really"": 0.194, ""dishes"": 0.191, ""wings"": 0.19, ""fried"": 0.178, ""authentic"": 0.175, ""delicious"": 0.167, ""try"": 0.163}","{""wings"": 0.312, ""really"": 0.264, ""sauce"": 0.259, ""chinese"": 0.232, ""restaurant"": 0.223, ""service"": 0.189, ""don"": 0.187, ""try"": 0.168, ""table"": 0.168, ""fried"": 0.145}"
212,85013,Phoenix,33.511087,-112.084749,Italian,7.02848082532628,3.88126873569627,3.14721208963002,"{""sauce"": 0.292, ""pino"": 0.267, ""service"": 0.25, ""try"": 0.216, ""delicious"": 0.216, ""friendly"": 0.19, ""amazing"": 0.175, ""pizza"": 0.172, ""harley"": 0.165, ""restaurant"": 0.164}","{""service"": 0.371, ""sauce"": 0.262, ""cheese"": 0.197, ""restaurant"": 0.189, ""pizza"": 0.184, ""don"": 0.155, ""business"": 0.152, ""pino"": 0.147, ""harley"": 0.143, ""table"": 0.139}"
213,85014,Phoenix,33.507223,-112.05769,Breakfast,5.72170905812386,3.42728487886383,2.29442417926003,"{""service"": 0.237, ""little"": 0.237, ""amazing"": 0.229, ""delicious"": 0.219, ""coffee"": 0.207, ""try"": 0.193, ""friendly"": 0.189, ""atmosphere"": 0.169, ""place"": 0.155, ""drinks"": 0.154}","{""service"": 0.374, ""coffee"": 0.255, ""people"": 0.213, ""drinks"": 0.192, ""don"": 0.19, ""going"": 0.166, ""table"": 0.163, ""experience"": 0.163, ""customer"": 0.145, ""place"": 0.131}"
214,85014,Phoenix,33.507223,-112.05769,Nightlife,7.48910168451336,3.95705374287709,3.53204794163627,"{""service"": 0.327, ""delicious"": 0.245, ""amazing"": 0.231, ""happy"": 0.194, ""atmosphere"": 0.192, ""friendly"": 0.191, ""drinks"": 0.174, ""great"": 0.171, ""awesome"": 0.159, ""restaurant"": 0.151}","{""service"": 0.405, ""table"": 0.242, ""drinks"": 0.206, ""people"": 0.198, ""restaurant"": 0.195, ""experience"": 0.178, ""don"": 0.178, ""manager"": 0.158, ""food"": 0.146, ""place"": 0.115}"
215,85014,Phoenix,33.507223,-112.05769,American,7.36824131436629,3.49591197616931,3.87232933819698,"{""service"": 0.315, ""delicious"": 0.249, ""try"": 0.236, ""amazing"": 0.218, ""happy"": 0.198, ""friendly"": 0.171, ""atmosphere"": 0.158, ""drinks"": 0.156, ""awesome"": 0.155, ""great"": 0.155}","{""service"": 0.382, ""didn"": 0.276, ""table"": 0.225, ""restaurant"": 0.204, ""drinks"": 0.183, ""people"": 0.175, ""experience"": 0.174, ""don"": 0.17, ""food"": 0.142, ""manager"": 0.14}"
216,85014,Phoenix,33.507223,-112.05769,Mexican,7.34896050494586,3.87136800885415,3.47759249609171,"{""service"": 0.271, ""enchiladas"": 0.262, ""delicious"": 0.241, ""try"": 0.217, ""amazing"": 0.195, ""little"": 0.186, ""happy"": 0.178, ""ordered"": 0.174, ""tacos"": 0.168, ""friendly"": 0.164}","{""service"": 0.38, ""ordered"": 0.328, ""restaurant"": 0.219, ""table"": 0.173, ""don"": 0.167, ""food"": 0.166, ""experience"": 0.166, ""people"": 0.156, ""try"": 0.14, ""drinks"": 0.138}"
217,85014,Phoenix,33.507223,-112.05769,Chinese,5.52115719674119,3.0672749664129,2.4538822303283,"{""snoh"": 0.346, ""ice"": 0.293, ""really"": 0.288, ""try"": 0.263, ""milk"": 0.222, ""tea"": 0.201, ""boba"": 0.2, ""delicious"": 0.189, ""flavors"": 0.183, ""friendly"": 0.145}","{""didn"": 0.294, ""service"": 0.248, ""don"": 0.228, ""tasted"": 0.221, ""people"": 0.191, ""customer"": 0.184, ""try"": 0.161, ""really"": 0.161, ""snoh"": 0.153, ""boba"": 0.136}"
218,85014,Phoenix,33.507223,-112.05769,Italian,7.59899360541863,3.97966061948846,3.61933298593017,"{""service"": 0.336, ""delicious"": 0.289, ""try"": 0.234, ""restaurant"": 0.203, ""amazing"": 0.2, ""sauce"": 0.16, ""friendly"": 0.152, ""happy"": 0.143, ""great"": 0.132, ""good"": 0.129}","{""service"": 0.405, ""restaurant"": 0.285, ""table"": 0.234, ""don"": 0.17, ""try"": 0.163, ""people"": 0.163, ""food"": 0.162, ""experience"": 0.161, ""sauce"": 0.138, ""drinks"": 0.133}"
219,85016,Phoenix,33.511517,-112.019166,Breakfast,8.11276904272036,3.92412912609711,4.18863991662324,"{""service"": 0.384, ""delicious"": 0.258, ""amazing"": 0.21, ""try"": 0.209, ""friendly"": 0.2, ""pancakes"": 0.177, ""little"": 0.172, ""happy"": 0.144, ""great"": 0.144, ""pancake"": 0.14}","{""service"": 0.419, ""restaurant"": 0.212, ""table"": 0.21, ""don"": 0.192, ""experience"": 0.19, ""food"": 0.169, ""going"": 0.16, ""people"": 0.154, ""manager"": 0.144, ""try"": 0.134}"
220,85016,Phoenix,33.511517,-112.019166,Nightlife,8.54909886761106,3.99151679361419,4.55758207399687,"{""service"": 0.384, ""delicious"": 0.246, ""fries"": 0.237, ""amazing"": 0.224, ""happy"": 0.191, ""restaurant"": 0.172, ""friendly"": 0.161, ""experience"": 0.161, ""excellent"": 0.152, ""great"": 0.15}","{""service"": 0.411, ""table"": 0.247, ""restaurant"": 0.246, ""experience"": 0.22, ""fries"": 0.184, ""don"": 0.174, ""food"": 0.152, ""people"": 0.142, ""manager"": 0.136, ""just"": 0.116}"
221,85016,Phoenix,33.511517,-112.019166,American,8.55715302111984,4.01546464175559,4.54168837936425,"{""service"": 0.386, ""delicious"": 0.243, ""amazing"": 0.216, ""try"": 0.193, ""happy"": 0.18, ""restaurant"": 0.18, ""experience"": 0.172, ""fries"": 0.172, ""friendly"": 0.158, ""great"": 0.146}","{""service"": 0.406, ""didn"": 0.272, ""experience"": 0.227, ""restaurant"": 0.221, ""table"": 0.204, ""don"": 0.174, ""people"": 0.141, ""food"": 0.14, ""manager"": 0.134, ""fries"": 0.131}"
222,85016,Phoenix,33.511517,-112.019166,Mexican,6.44386853340723,3.83469708994709,2.60917144346014,"{""service"": 0.315, ""happy"": 0.231, ""tacos"": 0.23, ""delicious"": 0.215, ""amazing"": 0.203, ""try"": 0.198, ""ordered"": 0.189, ""little"": 0.168, ""restaurant"": 0.157, ""favorite"": 0.151}","{""service"": 0.361, ""ordered"": 0.335, ""restaurant"": 0.195, ""tacos"": 0.183, ""don"": 0.18, ""experience"": 0.167, ""location"": 0.159, ""food"": 0.157, ""people"": 0.152, ""table"": 0.145}"
223,85016,Phoenix,33.511517,-112.019166,Chinese,6.98188411849917,3.45270225294419,3.52918186555498,"{""wings"": 0.726, ""chinese"": 0.249, ""hot"": 0.199, ""service"": 0.195, ""really"": 0.149, ""delicious"": 0.136, ""years"": 0.126, ""friendly"": 0.126, ""restaurant"": 0.125, ""try"": 0.11}","{""wings"": 0.271, ""chinese"": 0.255, ""restaurant"": 0.242, ""fried"": 0.238, ""sauce"": 0.213, ""really"": 0.187, ""service"": 0.185, ""don"": 0.184, ""food"": 0.162, ""didn"": 0.154}"
224,85016,Phoenix,33.511517,-112.019166,Italian,7.72183870836509,3.85289655099146,3.86894215737363,"{""service"": 0.35, ""delicious"": 0.257, ""restaurant"": 0.236, ""amazing"": 0.224, ""try"": 0.214, ""sauce"": 0.157, ""friendly"": 0.155, ""excellent"": 0.15, ""happy"": 0.148, ""pizza"": 0.14}","{""service"": 0.376, ""restaurant"": 0.299, ""table"": 0.235, ""don"": 0.184, ""experience"": 0.175, ""people"": 0.171, ""try"": 0.163, ""sauce"": 0.159, ""food"": 0.136, ""just"": 0.125}"
225,85012,Phoenix,33.507577,-112.070981,Breakfast,7.95852825770226,3.97546416181899,3.98306409588327,"{""coffee"": 0.348, ""service"": 0.268, ""delicious"": 0.257, ""try"": 0.213, ""amazing"": 0.211, ""friendly"": 0.195, ""little"": 0.175, ""atmosphere"": 0.169, ""great"": 0.148, ""cheese"": 0.146}","{""service"": 0.426, ""coffee"": 0.258, ""table"": 0.226, ""don"": 0.183, ""restaurant"": 0.175, ""experience"": 0.153, ""people"": 0.141, ""going"": 0.14, ""drinks"": 0.137, ""food"": 0.133}"
226,85012,Phoenix,33.507577,-112.070981,Nightlife,7.45939240561344,3.62744868492558,3.83194372068786,"{""service"": 0.292, ""coffee"": 0.279, ""delicious"": 0.247, ""amazing"": 0.224, ""atmosphere"": 0.189, ""friendly"": 0.185, ""happy"": 0.184, ""great"": 0.157, ""drinks"": 0.152, ""awesome"": 0.146}","{""service"": 0.421, ""table"": 0.217, ""tacos"": 0.2, ""don"": 0.193, ""drinks"": 0.188, ""experience"": 0.172, ""restaurant"": 0.161, ""fries"": 0.156, ""food"": 0.154, ""people"": 0.152}"
227,85012,Phoenix,33.507577,-112.070981,American,6.19178429696535,3.93279524016493,2.25898905680042,"{""coffee"": 0.328, ""service"": 0.263, ""delicious"": 0.246, ""try"": 0.202, ""amazing"": 0.2, ""atmosphere"": 0.183, ""friendly"": 0.177, ""cheese"": 0.148, ""great"": 0.148, ""happy"": 0.146}","{""service"": 0.44, ""didn"": 0.259, ""table"": 0.24, ""coffee"": 0.177, ""experience"": 0.176, ""don"": 0.175, ""drinks"": 0.173, ""restaurant"": 0.167, ""people"": 0.14, ""food"": 0.138}"
228,85012,Phoenix,33.507577,-112.070981,Mexican,7.18168796005545,4.07303762133737,3.10865033871808,"{""tacos"": 0.467, ""service"": 0.282, ""delicious"": 0.227, ""amazing"": 0.212, ""try"": 0.181, ""ordered"": 0.172, ""friendly"": 0.17, ""happy"": 0.169, ""atmosphere"": 0.166, ""little"": 0.139}","{""service"": 0.374, ""tacos"": 0.359, ""ordered"": 0.313, ""table"": 0.19, ""restaurant"": 0.189, ""drinks"": 0.172, ""experience"": 0.147, ""people"": 0.144, ""food"": 0.135, ""don"": 0.133}"
229,85012,Phoenix,33.507577,-112.070981,Chinese,7.09390320821675,3.63298606387074,3.46091714434601,"{""service"": 0.314, ""really"": 0.26, ""delicious"": 0.257, ""try"": 0.21, ""amazing"": 0.197, ""chinese"": 0.188, ""restaurant"": 0.181, ""dishes"": 0.178, ""fried"": 0.154, ""drinks"": 0.149}","{""service"": 0.298, ""restaurant"": 0.239, ""sauce"": 0.229, ""didn"": 0.215, ""fried"": 0.193, ""really"": 0.187, ""chinese"": 0.183, ""table"": 0.158, ""taste"": 0.153, ""food"": 0.149}"
230,85012,Phoenix,33.507577,-112.070981,Italian,7.59432717523851,3.99948611218484,3.59484106305367,"{""service"": 0.327, ""delicious"": 0.239, ""amazing"": 0.208, ""try"": 0.203, ""pizza"": 0.182, ""friendly"": 0.17, ""cheese"": 0.156, ""great"": 0.153, ""happy"": 0.145, ""restaurant"": 0.138}","{""service"": 0.349, ""table"": 0.269, ""restaurant"": 0.203, ""pizza"": 0.198, ""sauce"": 0.186, ""people"": 0.176, ""don"": 0.17, ""manager"": 0.15, ""try"": 0.145, ""experience"": 0.14}"
231,85020,Phoenix,33.567351,-112.053591,Breakfast,7.23488590470082,4.08611050084465,3.14877540385618,"{""service"": 0.31, ""friendly"": 0.295, ""delicious"": 0.253, ""scramble"": 0.215, ""little"": 0.202, ""coffee"": 0.197, ""try"": 0.191, ""great"": 0.159, ""amazing"": 0.157, ""breakfast"": 0.138}","{""service"": 0.368, ""restaurant"": 0.216, ""table"": 0.201, ""don"": 0.174, ""eggs"": 0.17, ""people"": 0.169, ""food"": 0.162, ""going"": 0.153, ""try"": 0.144, ""scramble"": 0.137}"
232,85020,Phoenix,33.567351,-112.053591,Nightlife,7.69146994559458,4.1200785959333,3.57139134966128,"{""service"": 0.349, ""delicious"": 0.225, ""happy"": 0.217, ""friendly"": 0.214, ""amazing"": 0.197, ""atmosphere"": 0.193, ""great"": 0.183, ""restaurant"": 0.157, ""awesome"": 0.154, ""excellent"": 0.148}","{""service"": 0.445, ""table"": 0.255, ""restaurant"": 0.226, ""don"": 0.161, ""drinks"": 0.156, ""food"": 0.156, ""people"": 0.149, ""cheese"": 0.146, ""experience"": 0.145, ""chips"": 0.143}"
233,85020,Phoenix,33.567351,-112.053591,American,6.52072374415596,3.86152624545872,2.65919749869724,"{""service"": 0.323, ""delicious"": 0.254, ""try"": 0.245, ""amazing"": 0.236, ""tacos"": 0.224, ""friendly"": 0.191, ""restaurant"": 0.184, ""great"": 0.151, ""awesome"": 0.147, ""cheese"": 0.143}","{""service"": 0.421, ""restaurant"": 0.27, ""didn"": 0.251, ""table"": 0.211, ""experience"": 0.17, ""don"": 0.146, ""drinks"": 0.145, ""food"": 0.142, ""people"": 0.137, ""cheese"": 0.13}"
234,85020,Phoenix,33.567351,-112.053591,Mexican,5.20369078637187,3.9775313283208,1.22615945805107,"{""tacos"": 0.41, ""delicious"": 0.246, ""service"": 0.245, ""try"": 0.235, ""amazing"": 0.208, ""friendly"": 0.174, ""ordered"": 0.164, ""little"": 0.16, ""restaurant"": 0.153, ""chips"": 0.148}","{""service"": 0.332, ""ordered"": 0.308, ""chips"": 0.235, ""restaurant"": 0.209, ""tacos"": 0.206, ""beans"": 0.183, ""people"": 0.17, ""food"": 0.161, ""cheese"": 0.16, ""don"": 0.159}"
235,85020,Phoenix,33.567351,-112.053591,Chinese,5.71195903237313,3.23045825071602,2.48150078165711,"{""chinese"": 0.371, ""service"": 0.322, ""fried"": 0.255, ""really"": 0.236, ""friendly"": 0.202, ""delivery"": 0.168, ""food"": 0.162, ""delicious"": 0.162, ""try"": 0.143, ""noodles"": 0.137}","{""didn"": 0.243, ""service"": 0.241, ""really"": 0.232, ""don"": 0.223, ""pei"": 0.205, ""wei"": 0.203, ""fried"": 0.194, ""delivery"": 0.179, ""restaurant"": 0.173, ""food"": 0.171}"
236,85020,Phoenix,33.567351,-112.053591,Italian,7.29926728909512,4.24298797695338,3.05627931214174,"{""service"": 0.35, ""amazing"": 0.265, ""restaurant"": 0.237, ""sauce"": 0.234, ""delicious"": 0.212, ""view"": 0.197, ""try"": 0.168, ""friendly"": 0.156, ""pizza"": 0.154, ""excellent"": 0.149}","{""service"": 0.365, ""sauce"": 0.306, ""restaurant"": 0.291, ""table"": 0.245, ""cheese"": 0.181, ""pizza"": 0.15, ""experience"": 0.143, ""don"": 0.136, ""food"": 0.122, ""delivery"": 0.113}"
237,85018,Phoenix,33.505956,-111.985386,Breakfast,7.43106530831909,3.8841658815343,3.54689942678478,"{""service"": 0.324, ""delicious"": 0.281, ""amazing"": 0.227, ""try"": 0.226, ""friendly"": 0.202, ""little"": 0.201, ""great"": 0.161, ""atmosphere"": 0.155, ""restaurant"": 0.14, ""happy"": 0.138}","{""service"": 0.43, ""table"": 0.238, ""people"": 0.181, ""going"": 0.177, ""don"": 0.174, ""experience"": 0.173, ""restaurant"": 0.163, ""try"": 0.147, ""coffee"": 0.147, ""food"": 0.145}"
238,85018,Phoenix,33.505956,-111.985386,Nightlife,9.06407971574778,4.29909795441375,4.76498176133403,"{""service"": 0.336, ""amazing"": 0.26, ""delicious"": 0.229, ""happy"": 0.219, ""atmosphere"": 0.166, ""great"": 0.165, ""friendly"": 0.159, ""experience"": 0.151, ""restaurant"": 0.151, ""awesome"": 0.137}","{""service"": 0.449, ""table"": 0.268, ""experience"": 0.204, ""restaurant"": 0.192, ""don"": 0.185, ""people"": 0.16, ""manager"": 0.143, ""food"": 0.141, ""drinks"": 0.139, ""happy"": 0.122}"
239,85018,Phoenix,33.505956,-111.985386,American,8.27394920029104,4.03580433317275,4.23814486711829,"{""service"": 0.327, ""delicious"": 0.263, ""amazing"": 0.234, ""try"": 0.223, ""friendly"": 0.188, ""great"": 0.161, ""restaurant"": 0.155, ""happy"": 0.151, ""atmosphere"": 0.146, ""awesome"": 0.138}","{""service"": 0.394, ""didn"": 0.261, ""table"": 0.242, ""don"": 0.19, ""restaurant"": 0.188, ""experience"": 0.173, ""people"": 0.162, ""try"": 0.152, ""food"": 0.14, ""just"": 0.12}"
240,85018,Phoenix,33.505956,-111.985386,Mexican,6.33264741378135,3.80268389111329,2.52996352266806,"{""tacos"": 0.418, ""service"": 0.26, ""delicious"": 0.228, ""try"": 0.228, ""friendly"": 0.213, ""amazing"": 0.204, ""little"": 0.174, ""ordered"": 0.136, ""great"": 0.131, ""cheese"": 0.131}","{""ordered"": 0.319, ""service"": 0.318, ""tacos"": 0.252, ""don"": 0.206, ""cheese"": 0.169, ""chips"": 0.163, ""restaurant"": 0.16, ""food"": 0.157, ""chipotle"": 0.156, ""people"": 0.153}"
241,85018,Phoenix,33.505956,-111.985386,Chinese,7.55362869064644,3.41266985792106,4.14095883272538,"{""service"": 0.335, ""chinese"": 0.264, ""really"": 0.236, ""try"": 0.227, ""delicious"": 0.225, ""restaurant"": 0.213, ""fried"": 0.194, ""friendly"": 0.178, ""food"": 0.154, ""vegan"": 0.147}","{""service"": 0.261, ""didn"": 0.247, ""sauce"": 0.244, ""really"": 0.229, ""fried"": 0.224, ""restaurant"": 0.211, ""chinese"": 0.186, ""food"": 0.176, ""people"": 0.169, ""don"": 0.168}"
242,85018,Phoenix,33.505956,-111.985386,Italian,7.54012765644971,4.01641739068629,3.52371026576342,"{""service"": 0.301, ""delicious"": 0.249, ""amazing"": 0.243, ""try"": 0.215, ""restaurant"": 0.177, ""happy"": 0.174, ""friendly"": 0.164, ""great"": 0.159, ""atmosphere"": 0.157, ""cheese"": 0.156}","{""service"": 0.394, ""restaurant"": 0.22, ""table"": 0.204, ""pizza"": 0.203, ""don"": 0.178, ""experience"": 0.15, ""people"": 0.149, ""sauce"": 0.142, ""try"": 0.142, ""customer"": 0.14}"
243,85004,Phoenix,33.451567,-112.069886,Breakfast,5.97692822457905,3.63873124698656,2.3381969775925,"{""service"": 0.306, ""coffee"": 0.295, ""delicious"": 0.274, ""friendly"": 0.228, ""little"": 0.197, ""try"": 0.193, ""amazing"": 0.191, ""great"": 0.143, ""breakfast"": 0.128, ""eggs"": 0.127}","{""service"": 0.412, ""coffee"": 0.223, ""don"": 0.219, ""people"": 0.208, ""table"": 0.172, ""going"": 0.171, ""experience"": 0.162, ""food"": 0.162, ""restaurant"": 0.146, ""eggs"": 0.132}"
244,85004,Phoenix,33.451567,-112.069886,Nightlife,7.70729129368405,3.26331005345476,4.44398124022929,"{""service"": 0.328, ""delicious"": 0.232, ""drinks"": 0.218, ""amazing"": 0.209, ""cheese"": 0.184, ""friendly"": 0.177, ""atmosphere"": 0.17, ""great"": 0.167, ""happy"": 0.157, ""awesome"": 0.154}","{""service"": 0.43, ""drinks"": 0.23, ""table"": 0.228, ""people"": 0.2, ""restaurant"": 0.181, ""don"": 0.18, ""experience"": 0.174, ""food"": 0.158, ""place"": 0.127, ""manager"": 0.127}"
245,85004,Phoenix,33.451567,-112.069886,American,6.33810398783568,3.26619153343235,3.07191245440334,"{""service"": 0.326, ""delicious"": 0.232, ""try"": 0.212, ""cheese"": 0.207, ""amazing"": 0.202, ""friendly"": 0.191, ""drinks"": 0.168, ""great"": 0.165, ""happy"": 0.153, ""atmosphere"": 0.152}","{""service"": 0.421, ""didn"": 0.28, ""table"": 0.197, ""drinks"": 0.194, ""people"": 0.19, ""don"": 0.17, ""experience"": 0.17, ""restaurant"": 0.167, ""food"": 0.152, ""cheese"": 0.144}"
246,85004,Phoenix,33.451567,-112.069886,Mexican,6.1371341882472,4.05688405797101,2.08025013027619,"{""tacos"": 0.342, ""service"": 0.294, ""delicious"": 0.259, ""amazing"": 0.203, ""chips"": 0.197, ""friendly"": 0.193, ""try"": 0.188, ""ordered"": 0.174, ""little"": 0.158, ""restaurant"": 0.153}","{""ordered"": 0.356, ""service"": 0.352, ""tacos"": 0.294, ""chips"": 0.195, ""restaurant"": 0.189, ""don"": 0.175, ""food"": 0.164, ""beans"": 0.15, ""try"": 0.143, ""people"": 0.139}"
247,85004,Phoenix,33.451567,-112.069886,Chinese,5.06044853875964,2.95596703797798,2.10448150078166,"{""really"": 0.32, ""service"": 0.316, ""restaurant"": 0.193, ""friendly"": 0.186, ""fate"": 0.185, ""delicious"": 0.184, ""food"": 0.157, ""thai"": 0.157, ""downtown"": 0.152, ""spicy"": 0.148}","{""didn"": 0.277, ""service"": 0.267, ""really"": 0.243, ""don"": 0.234, ""fate"": 0.206, ""sauce"": 0.199, ""restaurant"": 0.187, ""tasted"": 0.176, ""noodles"": 0.161, ""people"": 0.158}"
248,85004,Phoenix,33.451567,-112.069886,Italian,6.07626933170043,3.90560752867803,2.17066180302241,"{""pizza"": 0.274, ""service"": 0.271, ""delicious"": 0.231, ""amazing"": 0.202, ""pizzas"": 0.198, ""try"": 0.175, ""restaurant"": 0.163, ""sauce"": 0.159, ""people"": 0.149, ""friendly"": 0.146}","{""service"": 0.353, ""table"": 0.268, ""restaurant"": 0.258, ""pizza"": 0.221, ""people"": 0.187, ""don"": 0.185, ""experience"": 0.171, ""sauce"": 0.16, ""try"": 0.142, ""hours"": 0.141}"
249,85034,Phoenix,33.42958,-112.014097,Breakfast,6.15048267932258,3.60983650944243,2.54064616988015,"{""airport"": 0.481, ""service"": 0.396, ""friendly"": 0.215, ""delicious"": 0.203, ""restaurant"": 0.17, ""amazing"": 0.146, ""food"": 0.141, ""good"": 0.134, ""salad"": 0.134, ""little"": 0.127}","{""service"": 0.415, ""airport"": 0.291, ""don"": 0.224, ""restaurant"": 0.193, ""cheese"": 0.176, ""location"": 0.163, ""food"": 0.16, ""people"": 0.149, ""customer"": 0.137, ""coffee"": 0.134}"
250,85034,Phoenix,33.42958,-112.014097,Nightlife,4.69462741264522,3.03933819951338,1.65528921313184,"{""airport"": 0.464, ""service"": 0.384, ""friendly"": 0.241, ""delicious"": 0.169, ""breakfast"": 0.158, ""good"": 0.147, ""great"": 0.138, ""food"": 0.137, ""pizza"": 0.129, ""cheese"": 0.126}","{""service"": 0.437, ""airport"": 0.311, ""people"": 0.191, ""restaurant"": 0.188, ""don"": 0.183, ""pizza"": 0.179, ""food"": 0.161, ""breakfast"": 0.146, ""flight"": 0.14, ""cheese"": 0.131}"
251,85034,Phoenix,33.42958,-112.014097,American,3.8188365763788,2.11899290780142,1.69984366857738,"{""airport"": 0.459, ""service"": 0.351, ""delicious"": 0.205, ""friendly"": 0.182, ""restaurant"": 0.164, ""good"": 0.147, ""try"": 0.146, ""tacos"": 0.146, ""food"": 0.136, ""amazing"": 0.136}","{""service"": 0.451, ""didn"": 0.241, ""airport"": 0.231, ""restaurant"": 0.211, ""don"": 0.205, ""food"": 0.175, ""table"": 0.174, ""people"": 0.166, ""manager"": 0.114, ""experience"": 0.11}"
252,85034,Phoenix,33.42958,-112.014097,Mexican,5.82760061785198,2.6767407950276,3.15085982282439,"{""tacos"": 0.412, ""tortillas"": 0.297, ""service"": 0.215, ""airport"": 0.212, ""delicious"": 0.211, ""little"": 0.17, ""food"": 0.151, ""carne"": 0.151, ""try"": 0.15, ""amazing"": 0.147}","{""ordered"": 0.348, ""service"": 0.347, ""tacos"": 0.227, ""airport"": 0.217, ""don"": 0.195, ""beans"": 0.19, ""restaurant"": 0.175, ""cheese"": 0.168, ""food"": 0.167, ""people"": 0.155}"
253,85034,Phoenix,33.42958,-112.014097,Chinese,5.75661556391793,2.85406215068187,2.90255341323606,"{""chinese"": 0.346, ""service"": 0.254, ""orange"": 0.252, ""really"": 0.225, ""fried"": 0.209, ""friendly"": 0.205, ""delicious"": 0.187, ""food"": 0.181, ""try"": 0.167, ""restaurant"": 0.163}","{""fried"": 0.412, ""sauce"": 0.224, ""really"": 0.22, ""tasted"": 0.216, ""airport"": 0.192, ""chicken"": 0.179, ""rice"": 0.165, ""food"": 0.161, ""chinese"": 0.16, ""service"": 0.153}"
254,85034,Phoenix,33.42958,-112.014097,Italian,7.2437611183475,3.82427180099471,3.41948931735279,"{""airport"": 0.573, ""service"": 0.215, ""delicious"": 0.187, ""sauce"": 0.181, ""orange"": 0.142, ""flight"": 0.137, ""friendly"": 0.136, ""pizza"": 0.134, ""salads"": 0.132, ""food"": 0.131}","{""airport"": 0.333, ""service"": 0.275, ""pizza"": 0.217, ""people"": 0.215, ""location"": 0.185, ""cheese"": 0.18, ""taste"": 0.16, ""sausage"": 0.154, ""breakfast"": 0.147, ""customer"": 0.142}"
255,85032,Phoenix,33.62592,-112.002503,Breakfast,6.2287163690452,3.16592324762779,3.0627931214174,"{""service"": 0.414, ""friendly"": 0.263, ""delicious"": 0.255, ""try"": 0.23, ""amazing"": 0.224, ""pancakes"": 0.164, ""little"": 0.147, ""great"": 0.147, ""breakfast"": 0.145, ""food"": 0.127}","{""service"": 0.429, ""don"": 0.216, ""table"": 0.189, ""restaurant"": 0.187, ""going"": 0.171, ""food"": 0.166, ""cheese"": 0.154, ""people"": 0.152, ""try"": 0.144, ""manager"": 0.142}"
256,85032,Phoenix,33.62592,-112.002503,Nightlife,5.35497962236415,3.28958097723648,2.06539864512767,"{""service"": 0.418, ""friendly"": 0.247, ""happy"": 0.195, ""great"": 0.183, ""food"": 0.169, ""good"": 0.166, ""wings"": 0.164, ""awesome"": 0.146, ""people"": 0.144, ""restaurant"": 0.143}","{""service"": 0.394, ""table"": 0.235, ""don"": 0.191, ""food"": 0.179, ""restaurant"": 0.172, ""manager"": 0.161, ""experience"": 0.148, ""cheese"": 0.133, ""drinks"": 0.128, ""place"": 0.128}"
257,85032,Phoenix,33.62592,-112.002503,American,6.13246031640913,3.40030815382445,2.73215216258468,"{""service"": 0.327, ""fries"": 0.259, ""try"": 0.252, ""friendly"": 0.241, ""burgers"": 0.221, ""delicious"": 0.21, ""burger"": 0.201, ""amazing"": 0.192, ""sauce"": 0.154, ""awesome"": 0.148}","{""service"": 0.376, ""didn"": 0.26, ""don"": 0.217, ""fries"": 0.183, ""table"": 0.179, ""restaurant"": 0.167, ""cheese"": 0.164, ""food"": 0.163, ""manager"": 0.147, ""times"": 0.134}"
258,85032,Phoenix,33.62592,-112.002503,Mexican,5.69778335320272,3.17589695403649,2.52188639916623,"{""burger"": 0.426, ""try"": 0.264, ""service"": 0.248, ""delicious"": 0.226, ""amazing"": 0.199, ""tacos"": 0.196, ""friendly"": 0.189, ""little"": 0.176, ""ordered"": 0.158, ""place"": 0.13}","{""ordered"": 0.359, ""service"": 0.279, ""cheese"": 0.202, ""don"": 0.186, ""restaurant"": 0.186, ""tacos"": 0.182, ""chips"": 0.157, ""food"": 0.152, ""try"": 0.15, ""experience"": 0.143}"
259,85032,Phoenix,33.62592,-112.002503,Chinese,5.21544565746249,2.9126838023296,2.30276185513288,"{""chinese"": 0.499, ""restaurant"": 0.226, ""service"": 0.222, ""fried"": 0.22, ""really"": 0.211, ""house"": 0.188, ""years"": 0.176, ""delicious"": 0.17, ""dishes"": 0.168, ""food"": 0.157}","{""chinese"": 0.319, ""fried"": 0.278, ""service"": 0.257, ""sauce"": 0.23, ""restaurant"": 0.211, ""didn"": 0.189, ""really"": 0.183, ""don"": 0.176, ""food"": 0.166, ""chicken"": 0.148}"
260,85032,Phoenix,33.62592,-112.002503,Italian,5.94811541547786,3.13649477973007,2.81162063574779,"{""service"": 0.369, ""meatballs"": 0.251, ""delicious"": 0.235, ""sauce"": 0.233, ""friendly"": 0.226, ""try"": 0.207, ""amazing"": 0.199, ""restaurant"": 0.185, ""pizza"": 0.179, ""great"": 0.152}","{""service"": 0.34, ""sauce"": 0.245, ""restaurant"": 0.226, ""location"": 0.207, ""pizza"": 0.205, ""table"": 0.192, ""don"": 0.185, ""wings"": 0.179, ""manager"": 0.16, ""cheese"": 0.159}"
261,44113,Cleveland,41.483241,-81.697166,Breakfast,8.46997101892138,3.95268096952124,4.51729004940014,"{""really"": 0.299, ""service"": 0.295, ""delicious"": 0.265, ""little"": 0.229, ""amazing"": 0.189, ""cheese"": 0.158, ""coffee"": 0.153, ""restaurant"": 0.149, ""friendly"": 0.146, ""table"": 0.136}","{""service"": 0.371, ""really"": 0.3, ""table"": 0.265, ""minutes"": 0.248, ""restaurant"": 0.19, ""eggs"": 0.17, ""don"": 0.167, ""coffee"": 0.162, ""food"": 0.15, ""people"": 0.146}"
262,44113,Cleveland,41.483241,-81.697166,Nightlife,8.48557378648194,3.9986295380698,4.48694424841214,"{""service"": 0.291, ""delicious"": 0.26, ""amazing"": 0.213, ""happy"": 0.188, ""friendly"": 0.174, ""atmosphere"": 0.166, ""drinks"": 0.165, ""great"": 0.162, ""tacos"": 0.154, ""selection"": 0.151}","{""service"": 0.401, ""table"": 0.279, ""drinks"": 0.234, ""people"": 0.201, ""experience"": 0.198, ""don"": 0.194, ""restaurant"": 0.174, ""going"": 0.166, ""food"": 0.155, ""tacos"": 0.142}"
263,44113,Cleveland,41.483241,-81.697166,American,6.79013284197747,4.10558802899229,2.68454481298518,"{""service"": 0.293, ""delicious"": 0.241, ""ordered"": 0.206, ""amazing"": 0.204, ""try"": 0.193, ""atmosphere"": 0.17, ""great"": 0.165, ""friendly"": 0.162, ""happy"": 0.16, ""restaurant"": 0.149}","{""service"": 0.369, ""ordered"": 0.341, ""didn"": 0.263, ""table"": 0.251, ""drinks"": 0.185, ""experience"": 0.174, ""people"": 0.168, ""restaurant"": 0.16, ""don"": 0.157, ""food"": 0.144}"
264,44113,Cleveland,41.483241,-81.697166,Mexican,8.19545661298174,3.87647284445668,4.31898376852505,"{""tacos"": 0.43, ""guacamole"": 0.272, ""service"": 0.226, ""try"": 0.222, ""margaritas"": 0.21, ""amazing"": 0.2, ""happy"": 0.17, ""drinks"": 0.163, ""little"": 0.158, ""chips"": 0.138}","{""tacos"": 0.425, ""service"": 0.336, ""drinks"": 0.303, ""chips"": 0.159, ""food"": 0.158, ""restaurant"": 0.155, ""people"": 0.15, ""going"": 0.148, ""try"": 0.141, ""don"": 0.134}"
265,44113,Cleveland,41.483241,-81.697166,Chinese,4.2224041402023,3.10666666666667,1.11573747353564,"{""delicious"": 0.259, ""chinese"": 0.259, ""pretty"": 0.208, ""court"": 0.195, ""food"": 0.182, ""noodles"": 0.168, ""dishes"": 0.168, ""service"": 0.159, ""usually"": 0.156, ""chicken"": 0.149}","{""don"": 0.242, ""restaurant"": 0.217, ""crop"": 0.215, ""service"": 0.212, ""sushi"": 0.21, ""spicy"": 0.189, ""people"": 0.176, ""bar"": 0.156, ""tasted"": 0.154, ""drinks"": 0.154}"
266,44113,Cleveland,41.483241,-81.697166,Italian,6.65012090293504,3.73339542657654,2.9167254763585,"{""service"": 0.353, ""delicious"": 0.328, ""amazing"": 0.231, ""sauce"": 0.216, ""restaurant"": 0.213, ""experience"": 0.161, ""great"": 0.158, ""pizza"": 0.146, ""cheese"": 0.131, ""excellent"": 0.123}","{""service"": 0.363, ""table"": 0.224, ""restaurant"": 0.214, ""minutes"": 0.212, ""didn"": 0.195, ""sauce"": 0.185, ""experience"": 0.185, ""people"": 0.184, ""don"": 0.183, ""food"": 0.155}"
267,44115,Cleveland,41.493539,-81.671188,Breakfast,7.57298415996348,3.67531302376023,3.89767113620325,"{""service"": 0.329, ""delicious"": 0.261, ""really"": 0.253, ""amazing"": 0.246, ""tacos"": 0.233, ""restaurant"": 0.17, ""little"": 0.162, ""greenhouse"": 0.154, ""great"": 0.143, ""friendly"": 0.141}","{""service"": 0.431, ""minutes"": 0.319, ""really"": 0.242, ""table"": 0.234, ""restaurant"": 0.203, ""don"": 0.17, ""food"": 0.166, ""drinks"": 0.133, ""greenhouse"": 0.119, ""people"": 0.118}"
268,44115,Cleveland,41.493539,-81.671188,Nightlife,3.89155492825218,3.48717948717949,0.404375441072689,"{""service"": 0.331, ""delicious"": 0.259, ""amazing"": 0.231, ""restaurant"": 0.186, ""drinks"": 0.183, ""sauce"": 0.159, ""great"": 0.156, ""atmosphere"": 0.153, ""experience"": 0.152, ""friendly"": 0.148}","{""service"": 0.393, ""table"": 0.249, ""restaurant"": 0.233, ""drinks"": 0.219, ""don"": 0.182, ""food"": 0.163, ""going"": 0.153, ""experience"": 0.153, ""people"": 0.146, ""manager"": 0.133}"
269,44115,Cleveland,41.493539,-81.671188,American,5.36597192817376,3.63555555555556,1.73041637261821,"{""service"": 0.317, ""delicious"": 0.25, ""ordered"": 0.234, ""amazing"": 0.231, ""try"": 0.176, ""drinks"": 0.176, ""restaurant"": 0.173, ""fries"": 0.157, ""atmosphere"": 0.153, ""experience"": 0.144}","{""ordered"": 0.389, ""service"": 0.358, ""table"": 0.24, ""didn"": 0.224, ""restaurant"": 0.206, ""drinks"": 0.161, ""experience"": 0.16, ""going"": 0.142, ""people"": 0.142, ""don"": 0.14}"
270,44115,Cleveland,41.493539,-81.671188,Mexican,6.78689121645552,3.37051859824804,3.41637261820748,"{""tacos"": 0.581, ""service"": 0.243, ""chips"": 0.21, ""margaritas"": 0.198, ""drinks"": 0.161, ""amazing"": 0.155, ""try"": 0.155, ""friendly"": 0.151, ""great"": 0.142, ""happy"": 0.134}","{""service"": 0.368, ""drinks"": 0.278, ""tacos"": 0.254, ""chips"": 0.201, ""restaurant"": 0.2, ""food"": 0.178, ""margaritas"": 0.155, ""don"": 0.151, ""beans"": 0.149, ""location"": 0.14}"
271,44115,Cleveland,41.493539,-81.671188,Chinese,6.42356218209157,3.30853042485797,3.11503175723359,"{""vietnamese"": 0.335, ""service"": 0.299, ""pho"": 0.276, ""saigon"": 0.237, ""restaurant"": 0.233, ""delicious"": 0.208, ""noodles"": 0.169, ""pretty"": 0.147, ""food"": 0.137, ""fried"": 0.136}","{""service"": 0.32, ""tasted"": 0.251, ""restaurant"": 0.243, ""sauce"": 0.201, ""don"": 0.193, ""noodles"": 0.189, ""fried"": 0.189, ""food"": 0.178, ""pho"": 0.157, ""chinese"": 0.152}"
272,44115,Cleveland,41.493539,-81.671188,Italian,5.46443334961484,2.98595769682726,2.47847565278758,"{""service"": 0.343, ""delicious"": 0.271, ""restaurant"": 0.239, ""sauce"": 0.192, ""chinato"": 0.163, ""amazing"": 0.161, ""excellent"": 0.157, ""experience"": 0.136, ""dishes"": 0.136, ""great"": 0.132}","{""service"": 0.363, ""restaurant"": 0.302, ""table"": 0.297, ""didn"": 0.295, ""sauce"": 0.147, ""minutes"": 0.143, ""experience"": 0.138, ""people"": 0.132, ""food"": 0.128, ""don"": 0.127}"
273,44114,Cleveland,41.520126,-81.678083,Breakfast,6.54268526750704,4.2815702357498,2.26111503175723,"{""service"": 0.249, ""friendly"": 0.24, ""little"": 0.238, ""delicious"": 0.227, ""coffee"": 0.225, ""really"": 0.204, ""cheese"": 0.191, ""breakfast"": 0.189, ""eggs"": 0.144, ""great"": 0.14}","{""service"": 0.411, ""minutes"": 0.334, ""coffee"": 0.267, ""manager"": 0.19, ""restaurant"": 0.177, ""busy"": 0.17, ""really"": 0.142, ""friendly"": 0.125, ""convention"": 0.122, ""people"": 0.116}"
274,44114,Cleveland,41.520126,-81.678083,Nightlife,5.88458127971779,4.01231593038822,1.87226534932957,"{""service"": 0.317, ""chocolate"": 0.233, ""delicious"": 0.231, ""friendly"": 0.185, ""drinks"": 0.181, ""cheese"": 0.173, ""amazing"": 0.169, ""great"": 0.166, ""atmosphere"": 0.163, ""good"": 0.149}","{""service"": 0.429, ""drinks"": 0.259, ""chocolate"": 0.238, ""table"": 0.217, ""people"": 0.202, ""manager"": 0.181, ""restaurant"": 0.175, ""experience"": 0.163, ""food"": 0.154, ""don"": 0.143}"
275,44114,Cleveland,41.520126,-81.678083,American,7.30273080992262,4.28861648388169,3.01411432604093,"{""service"": 0.303, ""delicious"": 0.248, ""ordered"": 0.224, ""try"": 0.199, ""amazing"": 0.179, ""friendly"": 0.163, ""restaurant"": 0.156, ""didn"": 0.144, ""chocolate"": 0.144, ""cheese"": 0.142}","{""service"": 0.377, ""ordered"": 0.346, ""didn"": 0.25, ""drinks"": 0.19, ""table"": 0.181, ""chocolate"": 0.176, ""restaurant"": 0.175, ""experience"": 0.16, ""going"": 0.153, ""people"": 0.149}"
276,44114,Cleveland,41.520126,-81.678083,Mexican,6.34588782523102,3.20121598331148,3.14467184191955,"{""drinks"": 0.294, ""location"": 0.266, ""service"": 0.25, ""amazing"": 0.214, ""restaurant"": 0.177, ""little"": 0.173, ""margaritas"": 0.153, ""chipotle"": 0.15, ""spicy"": 0.145, ""tacos"": 0.137}","{""location"": 0.294, ""service"": 0.277, ""beans"": 0.276, ""drinks"": 0.252, ""restaurant"": 0.239, ""food"": 0.192, ""chipotle"": 0.173, ""people"": 0.16, ""chips"": 0.148, ""don"": 0.127}"
277,44114,Cleveland,41.520126,-81.678083,Chinese,8.16599950341771,3.7355125591693,4.43048694424841,"{""chinese"": 0.382, ""dishes"": 0.294, ""restaurant"": 0.252, ""authentic"": 0.236, ""spicy"": 0.219, ""service"": 0.218, ""delicious"": 0.199, ""fried"": 0.186, ""noodle"": 0.168, ""noodles"": 0.167}","{""restaurant"": 0.264, ""service"": 0.263, ""chinese"": 0.232, ""sauce"": 0.228, ""taste"": 0.21, ""pretty"": 0.187, ""fried"": 0.183, ""dishes"": 0.183, ""noodles"": 0.176, ""tasted"": 0.172}"
278,44114,Cleveland,41.520126,-81.678083,Italian,5.05963508957384,3.07374941561477,1.98588567395907,"{""delicious"": 0.4, ""service"": 0.274, ""sandwiches"": 0.241, ""lunch"": 0.18, ""tasty"": 0.176, ""restaurant"": 0.158, ""chicken"": 0.144, ""sandwich"": 0.141, ""great"": 0.139, ""downtown"": 0.137}","{""service"": 0.35, ""don"": 0.221, ""sauce"": 0.201, ""cheese"": 0.188, ""didn"": 0.173, ""quality"": 0.149, ""prices"": 0.149, ""babu"": 0.148, ""just"": 0.141, ""pizza"": 0.137}"
279,44106,Cleveland,41.505341,-81.605432,Breakfast,5.77649549803083,3.28602266810845,2.49047282992237,"{""little"": 0.285, ""really"": 0.266, ""coffee"": 0.252, ""delicious"": 0.24, ""service"": 0.231, ""eggs"": 0.213, ""pancakes"": 0.201, ""amazing"": 0.155, ""friendly"": 0.137, ""luna"": 0.134}","{""service"": 0.386, ""coffee"": 0.302, ""really"": 0.236, ""restaurant"": 0.213, ""people"": 0.178, ""little"": 0.174, ""minutes"": 0.173, ""customer"": 0.173, ""location"": 0.162, ""panera"": 0.162}"
280,44106,Cleveland,41.505341,-81.605432,Nightlife,7.54027189928974,3.39348290846406,4.14678899082569,"{""service"": 0.339, ""delicious"": 0.266, ""restaurant"": 0.212, ""sauce"": 0.191, ""amazing"": 0.189, ""happy"": 0.165, ""experience"": 0.157, ""table"": 0.156, ""excellent"": 0.152, ""friendly"": 0.142}","{""service"": 0.467, ""table"": 0.312, ""restaurant"": 0.24, ""experience"": 0.178, ""food"": 0.166, ""people"": 0.155, ""sauce"": 0.149, ""don"": 0.147, ""drinks"": 0.147, ""tables"": 0.127}"
281,44106,Cleveland,41.505341,-81.605432,American,5.83335932974924,3.52496130575489,2.30839802399435,"{""service"": 0.32, ""delicious"": 0.224, ""happy"": 0.22, ""restaurant"": 0.188, ""try"": 0.171, ""ordered"": 0.166, ""amazing"": 0.16, ""cheese"": 0.154, ""fries"": 0.149, ""atmosphere"": 0.143}","{""service"": 0.444, ""table"": 0.279, ""ordered"": 0.244, ""restaurant"": 0.229, ""didn"": 0.216, ""experience"": 0.162, ""drinks"": 0.16, ""food"": 0.155, ""going"": 0.137, ""don"": 0.119}"
282,44106,Cleveland,41.505341,-81.605432,Mexican,6.12206312857116,3.12841457528958,2.99364855328158,"{""tacos"": 0.471, ""fired"": 0.241, ""chipotle"": 0.221, ""truck"": 0.21, ""try"": 0.203, ""service"": 0.198, ""qdoba"": 0.162, ""food"": 0.152, ""sauce"": 0.141, ""spicy"": 0.135}","{""chipotle"": 0.516, ""service"": 0.365, ""location"": 0.308, ""people"": 0.215, ""restaurant"": 0.184, ""don"": 0.151, ""line"": 0.151, ""food"": 0.136, ""terrible"": 0.117, ""going"": 0.117}"
283,44106,Cleveland,41.505341,-81.605432,Chinese,5.46501951113656,3.40432790916055,2.06069160197601,"{""chinese"": 0.553, ""dishes"": 0.303, ""pretty"": 0.271, ""spicy"": 0.197, ""restaurant"": 0.174, ""specials"": 0.155, ""food"": 0.145, ""fried"": 0.143, ""don"": 0.131, ""good"": 0.127}","{""restaurant"": 0.396, ""service"": 0.262, ""sauce"": 0.258, ""food"": 0.209, ""buffet"": 0.205, ""taste"": 0.184, ""dishes"": 0.17, ""tasted"": 0.161, ""fried"": 0.149, ""chinese"": 0.138}"
284,44106,Cleveland,41.505341,-81.605432,Italian,7.62961657142387,3.78275700896798,3.84685956245589,"{""service"": 0.362, ""delicious"": 0.331, ""sauce"": 0.261, ""restaurant"": 0.258, ""amazing"": 0.18, ""excellent"": 0.173, ""experience"": 0.167, ""cheese"": 0.128, ""food"": 0.128, ""table"": 0.126}","{""service"": 0.348, ""sauce"": 0.301, ""restaurant"": 0.284, ""table"": 0.247, ""didn"": 0.234, ""minutes"": 0.223, ""don"": 0.172, ""people"": 0.171, ""experience"": 0.154, ""food"": 0.14}"
285,44102,Cleveland,41.479174,-81.740603,Breakfast,7.29775099432161,3.77693236341124,3.52081863091038,"{""really"": 0.343, ""delicious"": 0.303, ""friendly"": 0.235, ""service"": 0.227, ""vegan"": 0.213, ""little"": 0.182, ""restaurant"": 0.163, ""coffee"": 0.151, ""happy"": 0.148, ""amazing"": 0.147}","{""service"": 0.264, ""restaurant"": 0.241, ""table"": 0.237, ""really"": 0.221, ""tasted"": 0.171, ""food"": 0.155, ""things"": 0.152, ""cooked"": 0.15, ""don"": 0.147, ""just"": 0.147}"
286,44102,Cleveland,41.479174,-81.740603,Nightlife,7.78780655419695,3.97623280684339,3.81157374735356,"{""happy"": 0.327, ""delicious"": 0.243, ""dog"": 0.229, ""service"": 0.225, ""selection"": 0.186, ""tots"": 0.183, ""amazing"": 0.172, ""cheese"": 0.17, ""friendly"": 0.167, ""awesome"": 0.154}","{""service"": 0.435, ""table"": 0.279, ""people"": 0.193, ""drinks"": 0.187, ""restaurant"": 0.151, ""food"": 0.147, ""don"": 0.146, ""going"": 0.144, ""happy"": 0.135, ""experience"": 0.13}"
287,44102,Cleveland,41.479174,-81.740603,American,6.74726641992076,3.56589733029479,3.18136908962597,"{""service"": 0.282, ""delicious"": 0.271, ""ordered"": 0.213, ""try"": 0.198, ""friendly"": 0.195, ""amazing"": 0.184, ""happy"": 0.18, ""cheese"": 0.157, ""great"": 0.153, ""atmosphere"": 0.148}","{""service"": 0.375, ""ordered"": 0.325, ""table"": 0.238, ""didn"": 0.233, ""restaurant"": 0.17, ""try"": 0.153, ""drinks"": 0.151, ""people"": 0.149, ""going"": 0.142, ""food"": 0.138}"
288,44102,Cleveland,41.479174,-81.740603,Mexican,6.36678435341919,3.74293114241002,2.62385321100917,"{""tacos"": 0.338, ""service"": 0.222, ""friendly"": 0.216, ""beans"": 0.209, ""restaurant"": 0.2, ""sauce"": 0.169, ""place"": 0.163, ""food"": 0.159, ""amazing"": 0.149, ""good"": 0.147}","{""tacos"": 0.323, ""service"": 0.28, ""roseangel"": 0.184, ""beans"": 0.179, ""sauce"": 0.156, ""spicy"": 0.149, ""try"": 0.146, ""going"": 0.145, ""food"": 0.142, ""restaurant"": 0.136}"
289,44102,Cleveland,41.479174,-81.740603,Chinese,3.96521231698984,2.93204365079365,1.03316866619619,"{""delicious"": 0.613, ""chinese"": 0.227, ""noodles"": 0.189, ""fried"": 0.189, ""restaurant"": 0.168, ""family"": 0.154, ""food"": 0.141, ""great"": 0.14, ""pay"": 0.14, ""people"": 0.136}","{""fried"": 0.552, ""rice"": 0.219, ""hibachi"": 0.185, ""clifton"": 0.171, ""chinese"": 0.171, ""instead"": 0.125, ""spring"": 0.119, ""check"": 0.112, ""food"": 0.109, ""order"": 0.107}"
290,44102,Cleveland,41.479174,-81.740603,Italian,6.15470615443086,2.92252549105754,3.23218066337332,"{""delicious"": 0.331, ""service"": 0.288, ""didn"": 0.193, ""drinks"": 0.187, ""cheese"": 0.163, ""amazing"": 0.161, ""great"": 0.159, ""pizza"": 0.145, ""sauce"": 0.136, ""table"": 0.134}","{""service"": 0.38, ""table"": 0.369, ""minutes"": 0.275, ""people"": 0.194, ""tables"": 0.174, ""didn"": 0.17, ""restaurant"": 0.136, ""pizza"": 0.129, ""food"": 0.125, ""party"": 0.121}"
291,44111,Cleveland,41.458255,-81.788589,Breakfast,5.54709036569062,3.74186806505548,1.80522230063514,"{""german"": 0.413, ""service"": 0.279, ""coffee"": 0.251, ""friendly"": 0.199, ""beer"": 0.187, ""little"": 0.179, ""pancakes"": 0.176, ""restaurant"": 0.164, ""great"": 0.158, ""place"": 0.155}","{""minutes"": 0.363, ""shake"": 0.308, ""service"": 0.236, ""fries"": 0.235, ""steak"": 0.2, ""really"": 0.169, ""location"": 0.166, ""german"": 0.157, ""restaurant"": 0.144, ""food"": 0.142}"
292,44111,Cleveland,41.458255,-81.788589,Nightlife,5.54589004267903,3.69761904761905,1.84827099505999,"{""friendly"": 0.271, ""irish"": 0.197, ""drinks"": 0.17, ""delicious"": 0.168, ""atmosphere"": 0.165, ""service"": 0.164, ""bar"": 0.164, ""fried"": 0.161, ""great"": 0.16, ""awesome"": 0.15}","{""service"": 0.316, ""bartender"": 0.237, ""experience"": 0.212, ""people"": 0.178, ""bar"": 0.175, ""tables"": 0.174, ""drinks"": 0.158, ""place"": 0.154, ""fries"": 0.149, ""don"": 0.149}"
293,44111,Cleveland,41.458255,-81.788589,American,5.83149987769147,3.70376522702104,2.12773465067043,"{""ordered"": 0.274, ""delicious"": 0.272, ""try"": 0.242, ""friendly"": 0.214, ""service"": 0.204, ""food"": 0.188, ""fried"": 0.167, ""cheese"": 0.159, ""amazing"": 0.152, ""restaurant"": 0.15}","{""ordered"": 0.363, ""service"": 0.325, ""fries"": 0.234, ""location"": 0.184, ""didn"": 0.184, ""food"": 0.166, ""don"": 0.163, ""people"": 0.14, ""like"": 0.13, ""restaurant"": 0.129}"
294,44111,Cleveland,41.458255,-81.788589,Mexican,5.7207260530729,3.63110008271299,2.08962597035992,"{""tacos"": 0.258, ""service"": 0.249, ""try"": 0.229, ""mexican"": 0.22, ""friendly"": 0.22, ""little"": 0.202, ""food"": 0.188, ""margaritas"": 0.182, ""chips"": 0.181, ""restaurant"": 0.166}","{""service"": 0.276, ""beans"": 0.236, ""little"": 0.214, ""chips"": 0.194, ""taste"": 0.179, ""restaurant"": 0.179, ""chipotle"": 0.171, ""food"": 0.166, ""people"": 0.161, ""location"": 0.157}"
295,44111,Cleveland,41.458255,-81.788589,Chinese,4.87059079130789,3.05760561135023,1.81298517995766,"{""chinese"": 0.536, ""fried"": 0.23, ""service"": 0.219, ""restaurant"": 0.214, ""food"": 0.192, ""delicious"": 0.182, ""chicken"": 0.16, ""buffet"": 0.128, ""friendly"": 0.125, ""best"": 0.119}","{""chinese"": 0.292, ""fried"": 0.256, ""don"": 0.234, ""restaurant"": 0.208, ""dishes"": 0.192, ""sauce"": 0.166, ""pretty"": 0.162, ""said"": 0.148, ""people"": 0.139, ""food"": 0.129}"
296,44111,Cleveland,41.458255,-81.788589,Italian,4.58465826135889,2.6545241752615,1.93013408609739,"{""sauce"": 0.447, ""service"": 0.275, ""italian"": 0.255, ""delicious"": 0.225, ""restaurant"": 0.198, ""don"": 0.179, ""portions"": 0.176, ""family"": 0.155, ""wonderful"": 0.154, ""roma"": 0.142}","{""sauce"": 0.353, ""manager"": 0.206, ""experience"": 0.186, ""didn"": 0.186, ""syrup"": 0.178, ""order"": 0.166, ""location"": 0.165, ""pizza"": 0.164, ""marsala"": 0.14, ""phone"": 0.138}"
297,44120,Cleveland,41.473947,-81.579956,Breakfast,5.77290284638909,3.82794871794872,1.94495412844037,"{""coffee"": 0.282, ""service"": 0.279, ""delicious"": 0.216, ""bakery"": 0.199, ""al"": 0.194, ""vegan"": 0.179, ""really"": 0.169, ""eggs"": 0.147, ""amazing"": 0.143, ""fries"": 0.141}","{""minutes"": 0.455, ""table"": 0.331, ""service"": 0.328, ""people"": 0.217, ""coffee"": 0.208, ""restaurant"": 0.165, ""eggs"": 0.147, ""dirty"": 0.146, ""food"": 0.129, ""really"": 0.119}"
298,44120,Cleveland,41.473947,-81.579956,Nightlife,6.76617109766648,3.74288245969894,3.02328863796754,"{""happy"": 0.373, ""delicious"": 0.291, ""service"": 0.269, ""friendly"": 0.206, ""cheese"": 0.183, ""atmosphere"": 0.176, ""restaurant"": 0.17, ""amazing"": 0.164, ""drinks"": 0.151, ""excellent"": 0.134}","{""service"": 0.406, ""drinks"": 0.262, ""people"": 0.235, ""happy"": 0.23, ""table"": 0.194, ""server"": 0.179, ""restaurant"": 0.164, ""food"": 0.163, ""appetizer"": 0.146, ""experience"": 0.14}"
299,44120,Cleveland,41.473947,-81.579956,American,6.55234453640077,3.85015681586442,2.70218772053634,"{""delicious"": 0.295, ""service"": 0.284, ""ordered"": 0.24, ""try"": 0.229, ""restaurant"": 0.217, ""happy"": 0.189, ""amazing"": 0.184, ""friendly"": 0.171, ""cheese"": 0.17, ""atmosphere"": 0.163}","{""service"": 0.407, ""ordered"": 0.308, ""didn"": 0.216, ""table"": 0.215, ""restaurant"": 0.214, ""people"": 0.201, ""drinks"": 0.188, ""experience"": 0.187, ""food"": 0.139, ""happy"": 0.128}"
300,44120,Cleveland,41.473947,-81.579956,Mexican,3.63059018792964,2.65740740740741,0.97318278052223,"{""service"": 0.308, ""drinks"": 0.281, ""margaritas"": 0.249, ""friendly"": 0.225, ""fajitas"": 0.225, ""beans"": 0.197, ""chips"": 0.183, ""food"": 0.181, ""tacos"": 0.171, ""mexican"": 0.164}","{""waiter"": 0.344, ""service"": 0.335, ""beans"": 0.191, ""manager"": 0.177, ""chips"": 0.172, ""came"": 0.164, ""management"": 0.143, ""little"": 0.143, ""trying"": 0.133, ""going"": 0.133}"
301,44120,Cleveland,41.473947,-81.579956,Chinese,3.2969568657642,2.60606060606061,0.690896259703599,"{""chinese"": 0.418, ""delicious"": 0.377, ""restaurant"": 0.309, ""fried"": 0.232, ""place"": 0.197, ""ve"": 0.178, ""cash"": 0.149, ""gotten"": 0.143, ""usually"": 0.126, ""jem"": 0.126}","{""throat"": 0.43, ""pearl"": 0.255, ""bread"": 0.255, ""satay"": 0.222, ""stick"": 0.168, ""wire"": 0.155, ""usually"": 0.155, ""mxi"": 0.155, ""appetizers"": 0.155, ""beef"": 0.145}"
302,44120,Cleveland,41.473947,-81.579956,Italian,5.29788531056035,3.87304409672831,1.42484121383204,"{""felice"": 0.392, ""cheese"": 0.276, ""service"": 0.265, ""delicious"": 0.248, ""restaurant"": 0.197, ""hour"": 0.175, ""drinks"": 0.156, ""atmosphere"": 0.153, ""house"": 0.151, ""great"": 0.138}","{""service"": 0.409, ""felice"": 0.36, ""minutes"": 0.303, ""drinks"": 0.302, ""hour"": 0.201, ""table"": 0.162, ""didn"": 0.151, ""people"": 0.14, ""cheese"": 0.129, ""got"": 0.107}"
303,44135,Cleveland,41.426217,-81.819383,Breakfast,3.90317049583105,2.41481481481481,1.48835568101623,"{""service"": 0.39, ""bagel"": 0.339, ""friendly"": 0.278, ""really"": 0.229, ""location"": 0.181, ""breakfast"": 0.146, ""good"": 0.139, ""airport"": 0.139, ""don"": 0.136, ""amazing"": 0.129}","{""minutes"": 0.443, ""service"": 0.418, ""denny"": 0.206, ""food"": 0.176, ""don"": 0.153, ""coffee"": 0.152, ""location"": 0.151, ""people"": 0.148, ""restaurant"": 0.141, ""tables"": 0.138}"
304,44135,Cleveland,41.426217,-81.819383,Nightlife,3.8892478529642,2.99863387978142,0.89061397318278,"{""service"": 0.36, ""airport"": 0.3, ""restaurant"": 0.217, ""beers"": 0.191, ""friendly"": 0.19, ""good"": 0.163, ""fries"": 0.156, ""selection"": 0.147, ""great"": 0.146, ""amazing"": 0.145}","{""service"": 0.484, ""airport"": 0.29, ""fries"": 0.203, ""don"": 0.194, ""restaurant"": 0.181, ""food"": 0.179, ""people"": 0.174, ""experience"": 0.155, ""table"": 0.124, ""cheese"": 0.11}"
305,44135,Cleveland,41.426217,-81.819383,American,4.91983585561567,3.18518518518519,1.73465067043049,"{""service"": 0.377, ""airport"": 0.266, ""friendly"": 0.245, ""restaurant"": 0.198, ""try"": 0.197, ""ordered"": 0.183, ""great"": 0.169, ""amazing"": 0.166, ""good"": 0.152, ""fries"": 0.143}","{""service"": 0.392, ""ordered"": 0.332, ""didn"": 0.237, ""restaurant"": 0.177, ""airport"": 0.174, ""food"": 0.171, ""don"": 0.162, ""fries"": 0.149, ""experience"": 0.143, ""people"": 0.141}"
306,44135,Cleveland,41.426217,-81.819383,Mexican,5.2724792176497,3.06358719224391,2.20889202540579,"{""pizza"": 0.467, ""airport"": 0.333, ""sauce"": 0.298, ""brothers"": 0.219, ""burrito"": 0.182, ""service"": 0.171, ""options"": 0.146, ""friendly"": 0.146, ""little"": 0.132, ""healthy"": 0.132}","{""pizza"": 0.271, ""burrito"": 0.246, ""cheese"": 0.245, ""bowl"": 0.208, ""airport"": 0.201, ""brothers"": 0.153, ""beans"": 0.153, ""got"": 0.147, ""sauce"": 0.141, ""tofu"": 0.138}"
307,44135,Cleveland,41.426217,-81.819383,Chinese,4.79868885574161,3.27998737373737,1.51870148200423,"{""chinese"": 0.507, ""friendly"": 0.305, ""spicy"": 0.298, ""wow"": 0.165, ""fast"": 0.156, ""yummy"": 0.152, ""times"": 0.152, ""pretty"": 0.152, ""delicious"": 0.152, ""fried"": 0.141}","{""barely"": 0.246, ""chicken"": 0.233, ""got"": 0.23, ""don"": 0.225, ""driver"": 0.184, ""tasted"": 0.178, ""employee"": 0.178, ""order"": 0.168, ""won"": 0.157, ""service"": 0.156}"
308,44135,Cleveland,41.426217,-81.819383,Italian,5.26370385745453,3.1162091503268,2.14749470712774,"{""pizza"": 0.466, ""sauce"": 0.327, ""cheese"": 0.265, ""toppings"": 0.227, ""service"": 0.189, ""amazing"": 0.17, ""excellent"": 0.146, ""delivery"": 0.146, ""great"": 0.13, ""best"": 0.124}","{""cheese"": 0.279, ""service"": 0.262, ""pizza"": 0.228, ""airport"": 0.183, ""table"": 0.18, ""sauce"": 0.171, ""don"": 0.171, ""walked"": 0.158, ""quality"": 0.158, ""experience"": 0.158}"
309,44109,Cleveland,41.447671,-81.694403,Breakfast,6.70668013377472,3.71232586419109,2.99435426958363,"{""service"": 0.362, ""friendly"": 0.354, ""breakfast"": 0.222, ""great"": 0.209, ""gabe"": 0.2, ""eggs"": 0.196, ""fries"": 0.18, ""really"": 0.153, ""food"": 0.149, ""little"": 0.141}","{""minutes"": 0.498, ""service"": 0.349, ""fries"": 0.183, ""really"": 0.178, ""manager"": 0.17, ""ihop"": 0.169, ""table"": 0.152, ""food"": 0.147, ""beans"": 0.137, ""drive"": 0.12}"
310,44109,Cleveland,41.447671,-81.694403,Nightlife,6.42506511836787,4.13713286713287,2.287932251235,"{""friendly"": 0.259, ""amazing"": 0.209, ""service"": 0.197, ""bar"": 0.195, ""delicious"": 0.194, ""christmas"": 0.185, ""drinks"": 0.179, ""wings"": 0.172, ""awesome"": 0.164, ""atmosphere"": 0.148}","{""service"": 0.288, ""wings"": 0.261, ""table"": 0.228, ""don"": 0.189, ""cooked"": 0.185, ""people"": 0.185, ""drinks"": 0.163, ""sauce"": 0.161, ""location"": 0.145, ""food"": 0.139}"
311,44109,Cleveland,41.447671,-81.694403,American,6.43165472232391,4.03998217468806,2.39167254763585,"{""friendly"": 0.26, ""try"": 0.248, ""service"": 0.218, ""delicious"": 0.203, ""amazing"": 0.198, ""ordered"": 0.187, ""fries"": 0.16, ""place"": 0.155, ""cheese"": 0.15, ""great"": 0.149}","{""ordered"": 0.392, ""service"": 0.31, ""didn"": 0.255, ""fries"": 0.208, ""going"": 0.168, ""don"": 0.165, ""table"": 0.157, ""manager"": 0.155, ""food"": 0.153, ""people"": 0.152}"
312,44109,Cleveland,41.447671,-81.694403,Mexican,4.9814725946836,2.90666666666667,2.07480592801694,"{""service"": 0.32, ""tacos"": 0.297, ""friendly"": 0.222, ""beans"": 0.222, ""chipotle"": 0.22, ""mexican"": 0.186, ""location"": 0.18, ""restaurant"": 0.168, ""sauce"": 0.158, ""food"": 0.154}","{""chipotle"": 0.325, ""service"": 0.322, ""people"": 0.206, ""line"": 0.192, ""beans"": 0.179, ""restaurant"": 0.176, ""chips"": 0.168, ""food"": 0.159, ""don"": 0.15, ""cheese"": 0.144}"
313,44109,Cleveland,41.447671,-81.694403,Chinese,5.27547635850388,3.78076923076923,1.49470712773465,"{""chinese"": 0.56, ""service"": 0.246, ""people"": 0.21, ""food"": 0.179, ""quick"": 0.166, ""order"": 0.147, ""taste"": 0.14, ""large"": 0.14, ""friendly"": 0.14, ""chicken"": 0.134}","{""hung"": 0.375, ""times"": 0.362, ""english"": 0.35, ""speak"": 0.255, ""hour"": 0.252, ""phone"": 0.192, ""husband"": 0.189, ""disappointing"": 0.181, ""cooked"": 0.167, ""tremont"": 0.159}"
314,44109,Cleveland,41.447671,-81.694403,Italian,7.30440043779342,4.21054016962123,3.09386026817219,"{""coffee"": 0.565, ""delicious"": 0.242, ""service"": 0.217, ""amazing"": 0.18, ""sauce"": 0.173, ""don"": 0.141, ""experience"": 0.126, ""people"": 0.126, ""place"": 0.121, ""great"": 0.114}","{""cooked"": 0.228, ""table"": 0.195, ""service"": 0.189, ""steak"": 0.16, ""prices"": 0.152, ""potatoes"": 0.152, ""experience"": 0.152, ""said"": 0.151, ""idiot"": 0.144, ""people"": 0.141}"
315,44130,Cleveland,41.376642,-81.787317,Breakfast,,,,"{""service"": 0.309, ""ihop"": 0.301, ""boy"": 0.293, ""location"": 0.238, ""big"": 0.218, ""friendly"": 0.175, ""pancakes"": 0.172, ""eggs"": 0.153, ""seated"": 0.132, ""dining"": 0.132}","{""service"": 0.376, ""minutes"": 0.308, ""manager"": 0.274, ""busy"": 0.243, ""restaurant"": 0.172, ""boy"": 0.159, ""pancakes"": 0.153, ""big"": 0.146, ""people"": 0.145, ""eggs"": 0.143}"
316,44130,Cleveland,41.376642,-81.787317,Nightlife,,,,"{""service"": 0.327, ""friendly"": 0.304, ""wings"": 0.272, ""awesome"": 0.199, ""amazing"": 0.174, ""restaurant"": 0.162, ""food"": 0.159, ""good"": 0.157, ""don"": 0.155, ""great"": 0.146}","{""service"": 0.294, ""don"": 0.266, ""people"": 0.221, ""restaurant"": 0.196, ""food"": 0.191, ""damon"": 0.184, ""going"": 0.176, ""table"": 0.163, ""tables"": 0.155, ""inside"": 0.127}"
317,44130,Cleveland,41.376642,-81.787317,American,,,,"{""service"": 0.378, ""amazing"": 0.208, ""friendly"": 0.203, ""awesome"": 0.199, ""great"": 0.161, ""ihop"": 0.157, ""atmosphere"": 0.151, ""food"": 0.147, ""good"": 0.141, ""parma"": 0.138}","{""ordered"": 0.402, ""didn"": 0.314, ""service"": 0.303, ""people"": 0.18, ""damon"": 0.18, ""restaurant"": 0.179, ""tables"": 0.163, ""terrible"": 0.157, ""seated"": 0.139, ""cooked"": 0.139}"
318,44130,Cleveland,41.376642,-81.787317,Mexican,4.86736886966245,3.30844155844156,1.55892731122089,"{""service"": 0.33, ""restaurant"": 0.321, ""friendly"": 0.309, ""cheese"": 0.249, ""mexican"": 0.207, ""margaritas"": 0.187, ""food"": 0.166, ""don"": 0.165, ""large"": 0.163, ""fajitas"": 0.146}","{""service"": 0.284, ""food"": 0.261, ""restaurant"": 0.237, ""don"": 0.233, ""going"": 0.217, ""chips"": 0.207, ""bland"": 0.171, ""restaurants"": 0.145, ""mexican"": 0.132, ""lobster"": 0.124}"
319,44130,Cleveland,41.376642,-81.787317,Chinese,5.31305416955295,3.1380365266454,2.17501764290755,"{""chinese"": 0.434, ""service"": 0.296, ""restaurant"": 0.271, ""friendly"": 0.253, ""delicious"": 0.192, ""fried"": 0.191, ""food"": 0.166, ""chicken"": 0.156, ""good"": 0.147, ""great"": 0.136}","{""chinese"": 0.348, ""sauce"": 0.234, ""restaurant"": 0.202, ""fried"": 0.199, ""pretty"": 0.185, ""chicken"": 0.184, ""food"": 0.169, ""times"": 0.169, ""tasted"": 0.169, ""service"": 0.162}"
320,44130,Cleveland,41.376642,-81.787317,Italian,3.83101623147495,3.15,0.681016231474947,"{""sauce"": 0.255, ""cheese"": 0.238, ""delicious"": 0.218, ""family"": 0.205, ""excellent"": 0.197, ""service"": 0.196, ""amazing"": 0.188, ""restaurant"": 0.178, ""pizza"": 0.172, ""italian"": 0.166}","{""minutes"": 0.294, ""service"": 0.269, ""sauce"": 0.239, ""quality"": 0.206, ""cheese"": 0.179, ""didn"": 0.177, ""don"": 0.167, ""salad"": 0.151, ""food"": 0.148, ""potatoes"": 0.147}"